method,pattern,size,twotc,seed,completion,tardy
lhac_daf,Uniform,200,10%,0,97.7996382453678,1.5023422087661327
lhac_daf,Uniform,200,10%,1,98.30828120884007,0.9173851001420352
lhac_daf,Uniform,200,10%,2,98.19807044892327,1.751702843269793
lhac_daf,Uniform,200,10%,3,99.95595913505512,1.4404318651539871
lhac_daf,Uniform,200,10%,4,98.08646125722359,1.601525195533946
lhac_daf,Uniform,200,10%,5,98.00908590298236,1.9770549427670996
lhac_daf,Uniform,200,10%,6,98.66397911895989,0.7432574132939641
lhac_daf,Uniform,200,10%,7,98.74762109946525,0.7493701086901211
lhac_daf,Uniform,200,10%,8,98.53577169314626,1.6685367557899138
lhac_daf,Uniform,200,10%,9,99.95056508171639,2.2139951094795283
lhac_daf,Uniform,200,20%,0,99.61944543431613,1.4227059623631537
lhac_daf,Uniform,200,20%,1,98.86258345735324,1.589756765781984
lhac_daf,Uniform,200,20%,2,98.53635999764869,0.28217350124068363
lhac_daf,Uniform,200,20%,3,97.84143153773809,1.3035616852129022
lhac_daf,Uniform,200,20%,4,97.09204823177265,1.8071716449847632
lhac_daf,Uniform,200,20%,5,98.18938758167901,1.2555358898319229
lhac_daf,Uniform,200,20%,6,99.55149261751278,1.393009279531993
lhac_daf,Uniform,200,20%,7,99.13015343373158,2.037472015818998
lhac_daf,Uniform,200,20%,8,98.47652092885089,1.1319186357772957
lhac_daf,Uniform,200,20%,9,98.40265873207197,0.8786364632946266
lhac_daf,Uniform,200,30%,0,98.76198423698719,0.9396166644413695
lhac_daf,Uniform,200,30%,1,97.80231499576267,1.5376361615251657
lhac_daf,Uniform,200,30%,2,98.18586156756538,1.7571132240125678
lhac_daf,Uniform,200,30%,3,98.46403944876813,1.803100807392358
lhac_daf,Uniform,200,30%,4,98.7810970265766,1.571442540502313
lhac_daf,Uniform,200,30%,5,98.17014830165958,1.7816832622422305
lhac_daf,Uniform,200,30%,6,99.67004686092201,1.65696905953642
lhac_daf,Uniform,200,30%,7,97.81702698481986,0.9596781683157054
lhac_daf,Uniform,200,30%,8,99.12808818437513,1.8727325267599393
lhac_daf,Uniform,200,30%,9,98.22291388200789,1.42837188565114
lhac_daf,Uniform,300,10%,0,98.97750679433847,1.629652623511115
lhac_daf,Uniform,300,10%,1,97.72399576457791,1.6098857629844985
lhac_daf,Uniform,300,10%,2,98.21112891066862,1.3800138871730139
lhac_daf,Uniform,300,10%,3,99.05743852625591,1.4446157295264703
lhac_daf,Uniform,300,10%,4,97.46844987251384,1.2909247848397771
lhac_daf,Uniform,300,10%,5,97.97899534075097,1.4535789270692347
lhac_daf,Uniform,300,10%,6,99.8878049951926,1.664835691688518
lhac_daf,Uniform,300,10%,7,97.71967723583285,1.5574920543151451
lhac_daf,Uniform,300,10%,8,98.29233306242924,0.991815148319368
lhac_daf,Uniform,300,10%,9,98.75605670826769,2.1668051053005826
lhac_daf,Uniform,300,20%,0,99.00506964688401,0.5934602906250165
lhac_daf,Uniform,300,20%,1,99.30560344026836,1.8286542152280099
lhac_daf,Uniform,300,20%,2,98.33600534994892,0.9192527353681479
lhac_daf,Uniform,300,20%,3,97.35809481202845,1.8412437171755678
lhac_daf,Uniform,300,20%,4,98.97592863446171,2.0812439392695135
lhac_daf,Uniform,300,20%,5,98.87772246426726,1.1496691840731863
lhac_daf,Uniform,300,20%,6,98.20952082869626,1.3677459409978703
lhac_daf,Uniform,300,20%,7,97.80773885534876,0.6852295096428035
lhac_daf,Uniform,300,20%,8,98.05241837738046,1.6300865954516293
lhac_daf,Uniform,300,20%,9,99.05031418246523,1.3007013610718736
lhac_daf,Uniform,300,30%,0,98.26382896164009,1.7479540793086241
lhac_daf,Uniform,300,30%,1,98.20242990292303,0.8341774163417612
lhac_daf,Uniform,300,30%,2,98.40284175419642,1.4611879054855288
lhac_daf,Uniform,300,30%,3,98.62727553983542,1.5603065721369325
lhac_daf,Uniform,300,30%,4,98.98454792180613,1.8518462533125997
lhac_daf,Uniform,300,30%,5,98.69306748549491,1.6020748544173067
lhac_daf,Uniform,300,30%,6,98.76965459664152,1.2520892344950099
lhac_daf,Uniform,300,30%,7,98.3077540693643,1.9665513027692587
lhac_daf,Uniform,300,30%,8,98.72589137629055,1.2818116654208875
lhac_daf,Uniform,300,30%,9,97.07317762133546,1.0076021561205983
lhac_daf,Uniform,400,10%,0,97.6459848401059,2.0962235999288055
lhac_daf,Uniform,400,10%,1,98.10990174634155,0.8620297589189021
lhac_daf,Uniform,400,10%,2,99.12348091428876,1.7217662273570107
lhac_daf,Uniform,400,10%,3,99.16621718740323,1.918690739200235
lhac_daf,Uniform,400,10%,4,97.10395833714611,1.37711653155042
lhac_daf,Uniform,400,10%,5,98.3972865139741,1.3326137433242415
lhac_daf,Uniform,400,10%,6,98.49600727246319,1.0311900865521306
lhac_daf,Uniform,400,10%,7,98.98270200962078,1.4959001110233558
lhac_daf,Uniform,400,10%,8,96.87783363884441,1.6741382100005386
lhac_daf,Uniform,400,10%,9,98.63271760993668,2.0440552364544495
lhac_daf,Uniform,400,20%,0,98.14742067626163,1.4437325149739015
lhac_daf,Uniform,400,20%,1,99.74275586251035,2.626746510629083
lhac_daf,Uniform,400,20%,2,98.85774258122565,1.4323902152707861
lhac_daf,Uniform,400,20%,3,98.74713405792568,1.7637584649843432
lhac_daf,Uniform,400,20%,4,98.89290727893386,1.6152333865765043
lhac_daf,Uniform,400,20%,5,98.19260178405342,0.9993266212504683
lhac_daf,Uniform,400,20%,6,99.17549300820107,1.8594209932761478
lhac_daf,Uniform,400,20%,7,98.62582992374665,1.964407357045157
lhac_daf,Uniform,400,20%,8,97.76434385851513,1.32454788654777
lhac_daf,Uniform,400,20%,9,97.86745631805373,1.8982992474857248
lhac_daf,Uniform,400,30%,0,97.3137558828346,2.036227387170354
lhac_daf,Uniform,400,30%,1,98.44229870082272,1.273265835621804
lhac_daf,Uniform,400,30%,2,97.96100506908748,0.8883491167553649
lhac_daf,Uniform,400,30%,3,99.09156037318132,0.9930307033941643
lhac_daf,Uniform,400,30%,4,98.74791944447944,1.321557528452855
lhac_daf,Uniform,400,30%,5,98.28733564285297,1.718354363259779
lhac_daf,Uniform,400,30%,6,97.61463752090242,2.041748870552589
lhac_daf,Uniform,400,30%,7,99.97350863400979,1.2463461143372432
lhac_daf,Uniform,400,30%,8,97.93979256483334,1.1024710278602718
lhac_daf,Uniform,400,30%,9,98.87319880986351,1.081510865736273
lppo,Uniform,200,10%,0,93.93338352466439,3.8677462163868794
lppo,Uniform,200,10%,1,93.56093442865874,4.32407228979446
lppo,Uniform,200,10%,2,93.81828538651348,4.3848299685108385
lppo,Uniform,200,10%,3,94.73016725806089,4.622612022244623
lppo,Uniform,200,10%,4,93.75504679117476,4.175682147929452
lppo,Uniform,200,10%,5,93.81066542504396,4.940804193115336
lppo,Uniform,200,10%,6,94.26191310866825,5.041283393324944
lppo,Uniform,200,10%,7,94.10501239991449,4.9445914439012295
lppo,Uniform,200,10%,8,93.14021314410623,4.56732072704642
lppo,Uniform,200,10%,9,94.15999117232883,5.204883689895953
lppo,Uniform,200,20%,0,94.26652537307965,4.655745622037509
lppo,Uniform,200,20%,1,93.90180274966801,4.543429692452685
lppo,Uniform,200,20%,2,93.65139234655967,4.7847199564963
lppo,Uniform,200,20%,3,93.61911995605313,4.64573128789479
lppo,Uniform,200,20%,4,93.90110992375479,4.955798520284909
lppo,Uniform,200,20%,5,94.35898694775567,5.225682171707965
lppo,Uniform,200,20%,6,93.33572824428744,4.8376844789875815
lppo,Uniform,200,20%,7,93.59641554493498,3.8983837301343107
lppo,Uniform,200,20%,8,93.8232721602879,4.324395392068467
lppo,Uniform,200,20%,9,93.51482605926834,4.080658001236001
lppo,Uniform,200,30%,0,94.43188534211582,4.9718454823772635
lppo,Uniform,200,30%,1,93.70820465551051,4.023674232379323
lppo,Uniform,200,30%,2,94.30311646919257,4.466702478336782
lppo,Uniform,200,30%,3,93.35909199238418,6.092343140533856
lppo,Uniform,200,30%,4,93.96691852742214,4.085062215808468
lppo,Uniform,200,30%,5,93.51012891986076,4.04940311395826
lppo,Uniform,200,30%,6,94.3382196898435,4.907277514907245
lppo,Uniform,200,30%,7,94.46923609941777,4.720058034597061
lppo,Uniform,200,30%,8,93.55508113632179,4.232456754393176
lppo,Uniform,200,30%,9,94.22363373590444,5.366136202600397
lppo,Uniform,300,10%,0,93.8771756052187,5.007414651671273
lppo,Uniform,300,10%,1,93.79685484341005,4.9616764978000205
lppo,Uniform,300,10%,2,93.82415867764766,4.911376306896056
lppo,Uniform,300,10%,3,94.32231189189008,4.201321912498798
lppo,Uniform,300,10%,4,93.96962474107411,5.231412388631968
lppo,Uniform,300,10%,5,94.95634435167494,4.4163930208749544
lppo,Uniform,300,10%,6,93.49437708472392,4.3897033170981405
lppo,Uniform,300,10%,7,94.23513920480804,4.521320376340546
lppo,Uniform,300,10%,8,93.8093716488048,3.4876351743766705
lppo,Uniform,300,10%,9,93.94558359360381,3.7640687812386435
lppo,Uniform,300,20%,0,93.98451130336841,4.044722157675284
lppo,Uniform,300,20%,1,94.10150467888872,3.9230528565528315
lppo,Uniform,300,20%,2,93.4877520256903,3.989249668807228
lppo,Uniform,300,20%,3,93.18724432437796,4.067042527066535
lppo,Uniform,300,20%,4,93.79894507970984,4.243893736140806
lppo,Uniform,300,20%,5,94.26287577967999,4.698708693594758
lppo,Uniform,300,20%,6,93.68270943639534,4.90272169198995
lppo,Uniform,300,20%,7,93.63192448085915,4.708353919093307
lppo,Uniform,300,20%,8,93.80201097876501,4.475127337936981
lppo,Uniform,300,20%,9,94.42862267931251,4.883486306654757
lppo,Uniform,300,30%,0,94.443746111972,4.252474924503452
lppo,Uniform,300,30%,1,94.0497410559201,4.7486562194176045
lppo,Uniform,300,30%,2,93.8319387233953,4.099717437042053
lppo,Uniform,300,30%,3,94.72344170846169,4.7393003496854575
lppo,Uniform,300,30%,4,94.53812216472402,3.961342393572129
lppo,Uniform,300,30%,5,93.74699022214149,4.6988433932279285
lppo,Uniform,300,30%,6,94.05847015519727,4.646865575920133
lppo,Uniform,300,30%,7,94.20957527021186,4.724169749384039
lppo,Uniform,300,30%,8,93.69676918942086,4.5729776999656595
lppo,Uniform,300,30%,9,93.52711531364362,3.8485020826439404
lppo,Uniform,400,10%,0,93.71511403252293,5.749331938634457
lppo,Uniform,400,10%,1,94.4388496915369,3.9564552421145525
lppo,Uniform,400,10%,2,93.64655270909309,3.5442685401557936
lppo,Uniform,400,10%,3,93.75726136279322,4.422054499821334
lppo,Uniform,400,10%,4,94.21036057346312,4.549429785612664
lppo,Uniform,400,10%,5,94.13578213263335,3.2685860577258357
lppo,Uniform,400,10%,6,93.17286209632015,3.5985125876796906
lppo,Uniform,400,10%,7,93.18588755378846,5.083003551344422
lppo,Uniform,400,10%,8,93.37184211967038,4.476366501441462
lppo,Uniform,400,10%,9,94.33571036214236,3.947204798384072
lppo,Uniform,400,20%,0,94.03053939685688,4.316318289190222
lppo,Uniform,400,20%,1,93.84817190575095,4.834161291714768
lppo,Uniform,400,20%,2,93.64907828757539,4.506273205240957
lppo,Uniform,400,20%,3,93.45603849302586,5.736506423196075
lppo,Uniform,400,20%,4,93.92988895283816,4.864156755777278
lppo,Uniform,400,20%,5,93.56079426510134,4.882356990771791
lppo,Uniform,400,20%,6,93.01748306113105,4.145417647509591
lppo,Uniform,400,20%,7,94.0737402088714,3.919681647016674
lppo,Uniform,400,20%,8,93.94300579853149,5.065286780973471
lppo,Uniform,400,20%,9,93.3849514491833,4.251884319134288
lppo,Uniform,400,30%,0,93.96414675266205,4.661900503844413
lppo,Uniform,400,30%,1,93.49244256908898,4.159298076201597
lppo,Uniform,400,30%,2,93.67090495596533,4.4841849382532395
lppo,Uniform,400,30%,3,93.92537147587173,4.600948708653076
lppo,Uniform,400,30%,4,94.08087988446142,4.365541847986892
lppo,Uniform,400,30%,5,94.64448380190757,4.668848370048884
lppo,Uniform,400,30%,6,94.07319238858379,4.900433707948596
lppo,Uniform,400,30%,7,92.72966630738247,5.163943351353378
lppo,Uniform,400,30%,8,93.86597726005033,4.948954449435285
lppo,Uniform,400,30%,9,94.11590516105771,3.520254358114211
ppo_lagrangian,Uniform,200,10%,0,97.22177609635642,1.953912901605179
ppo_lagrangian,Uniform,200,10%,1,96.92559436154781,2.3373833017196155
ppo_lagrangian,Uniform,200,10%,2,94.85154177497688,3.38893848729603
ppo_lagrangian,Uniform,200,10%,3,97.83195726850553,4.042791089574468
ppo_lagrangian,Uniform,200,10%,4,97.56586302606638,2.5317601017746796
ppo_lagrangian,Uniform,200,10%,5,96.21953406254613,2.3940686732125953
ppo_lagrangian,Uniform,200,10%,6,97.14993097012223,2.369395585621869
ppo_lagrangian,Uniform,200,10%,7,96.42548896664904,2.9708787450074268
ppo_lagrangian,Uniform,200,10%,8,95.59092419413273,3.714999162190904
ppo_lagrangian,Uniform,200,10%,9,96.80109817282316,1.9864098340200953
ppo_lagrangian,Uniform,200,20%,0,97.42149796668077,3.394304013777836
ppo_lagrangian,Uniform,200,20%,1,96.3692664088382,4.623040157962688
ppo_lagrangian,Uniform,200,20%,2,95.88365549200601,3.696098599466213
ppo_lagrangian,Uniform,200,20%,3,97.22850509699053,2.5477846950265954
ppo_lagrangian,Uniform,200,20%,4,96.09837154215933,3.821228291356671
ppo_lagrangian,Uniform,200,20%,5,94.59316710842526,3.204306859698882
ppo_lagrangian,Uniform,200,20%,6,96.00399286853823,2.5630130960831408
ppo_lagrangian,Uniform,200,20%,7,96.9586015406095,4.1519311816420235
ppo_lagrangian,Uniform,200,20%,8,97.01238196579364,3.3072282558120647
ppo_lagrangian,Uniform,200,20%,9,95.65425939884432,3.5689043524332402
ppo_lagrangian,Uniform,200,30%,0,96.20469899019724,2.629102681674247
ppo_lagrangian,Uniform,200,30%,1,96.03118186732281,4.571333994414751
ppo_lagrangian,Uniform,200,30%,2,96.18602461210837,2.4903150603777613
ppo_lagrangian,Uniform,200,30%,3,95.73173900878284,3.803722862286145
ppo_lagrangian,Uniform,200,30%,4,97.13716712860385,2.3870128790209155
ppo_lagrangian,Uniform,200,30%,5,95.16815674138664,2.091573476098779
ppo_lagrangian,Uniform,200,30%,6,96.21166674341384,3.3154591213895297
ppo_lagrangian,Uniform,200,30%,7,97.53821299231608,3.4784408451715323
ppo_lagrangian,Uniform,200,30%,8,94.9848240763634,2.5764052131112694
ppo_lagrangian,Uniform,200,30%,9,95.6679244765182,3.2392077345679042
ppo_lagrangian,Uniform,300,10%,0,97.07692266440668,2.3272378628016934
ppo_lagrangian,Uniform,300,10%,1,97.4902165365399,3.261952549747476
ppo_lagrangian,Uniform,300,10%,2,97.56772665443077,2.5456703386628003
ppo_lagrangian,Uniform,300,10%,3,95.88196061631636,2.9727597885951567
ppo_lagrangian,Uniform,300,10%,4,93.98696975894293,2.613379516211755
ppo_lagrangian,Uniform,300,10%,5,96.5382237403649,3.2893510083080173
ppo_lagrangian,Uniform,300,10%,6,96.27051998652628,3.0172139516274763
ppo_lagrangian,Uniform,300,10%,7,97.43135514335968,3.049367167165619
ppo_lagrangian,Uniform,300,10%,8,95.5766773201052,3.6340014948813413
ppo_lagrangian,Uniform,300,10%,9,96.01889728938238,3.43960371530385
ppo_lagrangian,Uniform,300,20%,0,96.00969484654122,2.2335882894108696
ppo_lagrangian,Uniform,300,20%,1,95.02533469991006,2.895988962078197
ppo_lagrangian,Uniform,300,20%,2,97.01077287396366,4.080166307741966
ppo_lagrangian,Uniform,300,20%,3,95.97116317282504,3.791145660735475
ppo_lagrangian,Uniform,300,20%,4,96.28712595004163,3.033541394652654
ppo_lagrangian,Uniform,300,20%,5,96.02687588268785,3.418861824951315
ppo_lagrangian,Uniform,300,20%,6,96.91001419492471,3.7393370945122086
ppo_lagrangian,Uniform,300,20%,7,96.96178921468369,1.9105618278916683
ppo_lagrangian,Uniform,300,20%,8,97.10202703459665,3.0215664900160655
ppo_lagrangian,Uniform,300,20%,9,96.19153446096968,4.5957574045810325
ppo_lagrangian,Uniform,300,30%,0,96.72012345752727,3.4361013868084176
ppo_lagrangian,Uniform,300,30%,1,97.13581569072603,3.0982914672329573
ppo_lagrangian,Uniform,300,30%,2,96.43771624312538,3.7181990416775696
ppo_lagrangian,Uniform,300,30%,3,98.13509920907595,3.724259961345333
ppo_lagrangian,Uniform,300,30%,4,98.53080209609753,2.0197475807049114
ppo_lagrangian,Uniform,300,30%,5,97.32505525719256,1.946745674112174
ppo_lagrangian,Uniform,300,30%,6,96.71252787683633,3.0742950278912184
ppo_lagrangian,Uniform,300,30%,7,97.05697674608143,3.463698768633216
ppo_lagrangian,Uniform,300,30%,8,94.96603021610626,2.8034347360877434
ppo_lagrangian,Uniform,300,30%,9,96.90595228628256,2.890507569033206
ppo_lagrangian,Uniform,400,10%,0,96.88890464691019,2.5665860787569867
ppo_lagrangian,Uniform,400,10%,1,95.70455269352847,3.1534801322661865
ppo_lagrangian,Uniform,400,10%,2,97.21791843947756,1.8551375335265443
ppo_lagrangian,Uniform,400,10%,3,96.47958338064879,2.694060544722941
ppo_lagrangian,Uniform,400,10%,4,96.0660654468687,2.1488113451303423
ppo_lagrangian,Uniform,400,10%,5,95.2184770453329,1.129845141787405
ppo_lagrangian,Uniform,400,10%,6,96.00980905802592,3.258324196577943
ppo_lagrangian,Uniform,400,10%,7,97.342641536115,3.0881087562001452
ppo_lagrangian,Uniform,400,10%,8,95.13265840603296,3.5371587913826317
ppo_lagrangian,Uniform,400,10%,9,97.31202070535144,3.5341448875235337
ppo_lagrangian,Uniform,400,20%,0,96.33349675284487,2.3014263885015893
ppo_lagrangian,Uniform,400,20%,1,95.8841979997954,3.3262936366763625
ppo_lagrangian,Uniform,400,20%,2,96.05711393222158,3.7714023764013014
ppo_lagrangian,Uniform,400,20%,3,96.70642001351878,2.7859822242416015
ppo_lagrangian,Uniform,400,20%,4,95.65820311556652,4.420105867846129
ppo_lagrangian,Uniform,400,20%,5,96.9825284421512,2.140433190609481
ppo_lagrangian,Uniform,400,20%,6,99.10134827518931,3.3634305452338173
ppo_lagrangian,Uniform,400,20%,7,96.26310154141049,1.9590127302146323
ppo_lagrangian,Uniform,400,20%,8,96.15495933715239,4.617535891001078
ppo_lagrangian,Uniform,400,20%,9,97.24675483536632,3.805308994378607
ppo_lagrangian,Uniform,400,30%,0,97.23219399744085,3.0218989908870486
ppo_lagrangian,Uniform,400,30%,1,97.8777963256742,3.8950025310582443
ppo_lagrangian,Uniform,400,30%,2,96.38358343142177,3.6011407376793647
ppo_lagrangian,Uniform,400,30%,3,97.51344212353764,4.029327650601427
ppo_lagrangian,Uniform,400,30%,4,95.33636968215467,2.184550410209941
ppo_lagrangian,Uniform,400,30%,5,96.83942365351692,3.8633417271927075
ppo_lagrangian,Uniform,400,30%,6,97.23333628778387,1.7913929639264035
ppo_lagrangian,Uniform,400,30%,7,96.35902265335365,2.865998508337456
ppo_lagrangian,Uniform,400,30%,8,95.7442067790332,3.145773975253923
ppo_lagrangian,Uniform,400,30%,9,96.31712161957142,3.83357241605026
rcpo,Uniform,200,10%,0,95.218617533248,3.747012142772295
rcpo,Uniform,200,10%,1,96.16764923771592,3.447999158169486
rcpo,Uniform,200,10%,2,95.51036610869853,1.9501363484098415
rcpo,Uniform,200,10%,3,95.69987421370287,3.855549798481389
rcpo,Uniform,200,10%,4,95.88160072485307,2.508969851335774
rcpo,Uniform,200,10%,5,94.9864694465937,3.389444130022752
rcpo,Uniform,200,10%,6,94.60360653271358,4.269547761767128
rcpo,Uniform,200,10%,7,95.58524704490854,4.041417843719425
rcpo,Uniform,200,10%,8,96.99963776681551,2.704693280849632
rcpo,Uniform,200,10%,9,95.83186125615507,3.6059805970291583
rcpo,Uniform,200,20%,0,97.2917106192645,3.977674353866547
rcpo,Uniform,200,20%,1,97.37304503680296,3.3791770176787828
rcpo,Uniform,200,20%,2,95.827358790813,2.0105506640344966
rcpo,Uniform,200,20%,3,96.32555247770469,3.7012309917194144
rcpo,Uniform,200,20%,4,98.07684361030994,3.797051607469913
rcpo,Uniform,200,20%,5,97.94464471165175,4.081136140027189
rcpo,Uniform,200,20%,6,95.3271234626822,2.774243772516075
rcpo,Uniform,200,20%,7,96.06626219411834,5.376977444938933
rcpo,Uniform,200,20%,8,96.33685209257925,2.67265275381284
rcpo,Uniform,200,20%,9,95.93101343139729,3.5630973120982934
rcpo,Uniform,200,30%,0,96.2776285928522,2.893203233183044
rcpo,Uniform,200,30%,1,95.28887181318966,4.070128579080018
rcpo,Uniform,200,30%,2,94.6653660869896,3.0811815268176956
rcpo,Uniform,200,30%,3,94.2490286058826,4.245995157796026
rcpo,Uniform,200,30%,4,95.07512790357356,4.0247937295883744
rcpo,Uniform,200,30%,5,96.41874253125785,2.767553171597156
rcpo,Uniform,200,30%,6,94.05493805127982,3.0666202780651775
rcpo,Uniform,200,30%,7,96.33130983222621,3.4463572490014576
rcpo,Uniform,200,30%,8,96.1813062647869,3.132009496187867
rcpo,Uniform,200,30%,9,94.84710835031825,3.1356075242618124
rcpo,Uniform,300,10%,0,96.26186859332805,4.227057826898457
rcpo,Uniform,300,10%,1,94.32219883352013,3.5441562485445712
rcpo,Uniform,300,10%,2,95.38831124120436,4.3631302814077735
rcpo,Uniform,300,10%,3,95.53097893014899,2.960110385709732
rcpo,Uniform,300,10%,4,95.30733129050506,3.5350009819592847
rcpo,Uniform,300,10%,5,95.13869290444777,3.5776471414931286
rcpo,Uniform,300,10%,6,95.96158806321922,4.247674397437376
rcpo,Uniform,300,10%,7,96.18944298109723,4.398443414907895
rcpo,Uniform,300,10%,8,95.4373405829378,3.022361051951613
rcpo,Uniform,300,10%,9,96.66422861082003,3.853155705263192
rcpo,Uniform,300,20%,0,96.77954906717999,3.419846235418017
rcpo,Uniform,300,20%,1,94.44016004854615,4.139769324504842
rcpo,Uniform,300,20%,2,95.3151118806591,3.2361449602255483
rcpo,Uniform,300,20%,3,96.56905696349196,4.454297417589298
rcpo,Uniform,300,20%,4,94.72236034041357,3.2319039562638845
rcpo,Uniform,300,20%,5,95.82672958527192,3.4900446994391885
rcpo,Uniform,300,20%,6,95.34128692485542,2.7418930172603004
rcpo,Uniform,300,20%,7,97.16285980644467,4.16948331718234
rcpo,Uniform,300,20%,8,96.07068189649239,3.031635521288578
rcpo,Uniform,300,20%,9,94.58927394581652,3.156484064245551
rcpo,Uniform,300,30%,0,95.3547514881607,3.2632140746595337
rcpo,Uniform,300,30%,1,94.73688201675822,4.196115116070265
rcpo,Uniform,300,30%,2,95.85412023220906,3.1365736021122474
rcpo,Uniform,300,30%,3,96.46874337318017,2.4475395087247147
rcpo,Uniform,300,30%,4,95.40160486769794,3.2395979594058484
rcpo,Uniform,300,30%,5,94.77881819176284,3.590437457921084
rcpo,Uniform,300,30%,6,95.78600485911102,3.195641981258221
rcpo,Uniform,300,30%,7,96.22547108473742,2.902266969911554
rcpo,Uniform,300,30%,8,94.35641302848263,3.0715600552371383
rcpo,Uniform,300,30%,9,97.18004044010084,3.8055744448581166
rcpo,Uniform,400,10%,0,95.04714798102798,3.8212199525439248
rcpo,Uniform,400,10%,1,95.65849590799587,3.959723870097579
rcpo,Uniform,400,10%,2,95.4314181937773,4.120557428525279
rcpo,Uniform,400,10%,3,96.01476829870165,4.148589649329044
rcpo,Uniform,400,10%,4,95.8493593706451,4.469579726698475
rcpo,Uniform,400,10%,5,97.05862902056252,4.319251930532559
rcpo,Uniform,400,10%,6,95.76746417478154,3.641712340658611
rcpo,Uniform,400,10%,7,95.06177790255735,2.373156239735537
rcpo,Uniform,400,10%,8,95.03311945867581,3.9476877110644613
rcpo,Uniform,400,10%,9,95.20072481424802,4.227718563265076
rcpo,Uniform,400,20%,0,95.86366677572391,3.316047888352684
rcpo,Uniform,400,20%,1,96.19998189443042,3.133116252897767
rcpo,Uniform,400,20%,2,95.78407161267711,4.182542375007127
rcpo,Uniform,400,20%,3,95.22021692951716,4.116532845514108
rcpo,Uniform,400,20%,4,94.93615290744822,3.7116327977677464
rcpo,Uniform,400,20%,5,96.11900559297985,2.8882008277588165
rcpo,Uniform,400,20%,6,95.1606851731962,3.400910699369042
rcpo,Uniform,400,20%,7,96.38512027741598,3.418718417571535
rcpo,Uniform,400,20%,8,94.94117724905858,3.3991758660027016
rcpo,Uniform,400,20%,9,95.12075136944152,3.6405020517742193
rcpo,Uniform,400,30%,0,97.21953732935313,4.492727498101225
rcpo,Uniform,400,30%,1,96.44708649416421,3.5614058932115737
rcpo,Uniform,400,30%,2,94.89097957884444,2.46317469192089
rcpo,Uniform,400,30%,3,95.91619532299222,3.443899386702468
rcpo,Uniform,400,30%,4,96.66505077132041,2.341667580419241
rcpo,Uniform,400,30%,5,96.75137768211711,3.810375702367293
rcpo,Uniform,400,30%,6,96.5987322576562,3.6336368129097822
rcpo,Uniform,400,30%,7,95.88494037154497,3.88408790073185
rcpo,Uniform,400,30%,8,97.36194270613882,2.9377187132936236
rcpo,Uniform,400,30%,9,95.64499771463085,2.7673092713488883
envelope_morl,Uniform,200,10%,0,97.31733331180821,2.7374122866730874
envelope_morl,Uniform,200,10%,1,97.6228282544636,2.9726644928104866
envelope_morl,Uniform,200,10%,2,96.58067174764777,2.641187430096158
envelope_morl,Uniform,200,10%,3,97.19527515581089,2.583711662273532
envelope_morl,Uniform,200,10%,4,96.06777168991125,2.1418711325796957
envelope_morl,Uniform,200,10%,5,96.63990559928054,2.8987531453519533
envelope_morl,Uniform,200,10%,6,97.8509785558243,2.6411266565924905
envelope_morl,Uniform,200,10%,7,97.42805896858766,2.588241760533193
envelope_morl,Uniform,200,10%,8,97.89646526698162,2.1254720615042775
envelope_morl,Uniform,200,10%,9,97.16058460773334,2.6101067573408554
envelope_morl,Uniform,200,20%,0,97.19839606696398,2.211414790666686
envelope_morl,Uniform,200,20%,1,97.53042052562115,2.6933141501671485
envelope_morl,Uniform,200,20%,2,96.78856938640779,2.1671213795480706
envelope_morl,Uniform,200,20%,3,97.68451832519594,2.9882242916669934
envelope_morl,Uniform,200,20%,4,96.39810713703841,2.3954571463463945
envelope_morl,Uniform,200,20%,5,97.3074710012034,2.9944137774108186
envelope_morl,Uniform,200,20%,6,97.00941126583781,2.4798248944214216
envelope_morl,Uniform,200,20%,7,96.01976706881472,2.2800145012563826
envelope_morl,Uniform,200,20%,8,96.48444408054361,2.3241307352442306
envelope_morl,Uniform,200,20%,9,97.10126267451493,2.9002283928827586
envelope_morl,Uniform,200,30%,0,96.41672272417188,2.398023363914138
envelope_morl,Uniform,200,30%,1,96.47699175747762,2.5828551861643176
envelope_morl,Uniform,200,30%,2,96.27883227564284,2.501643478768436
envelope_morl,Uniform,200,30%,3,96.77826999509705,2.8618967335335883
envelope_morl,Uniform,200,30%,4,97.52751606912737,2.2604046594893457
envelope_morl,Uniform,200,30%,5,96.91182646170206,2.0462678965497973
envelope_morl,Uniform,200,30%,6,97.5306822375439,2.6017142750603504
envelope_morl,Uniform,200,30%,7,97.97372809589415,2.4420345397805745
envelope_morl,Uniform,200,30%,8,96.84563017669112,1.9304965738468718
envelope_morl,Uniform,200,30%,9,97.06529416806441,2.2103839631134727
envelope_morl,Uniform,300,10%,0,97.88596290340949,2.5006616216107
envelope_morl,Uniform,300,10%,1,97.8602719221596,2.5027362782289453
envelope_morl,Uniform,300,10%,2,96.9063607309812,2.107763995339356
envelope_morl,Uniform,300,10%,3,97.10623672065256,2.195064541910154
envelope_morl,Uniform,300,10%,4,96.59155804618867,2.2692743290570556
envelope_morl,Uniform,300,10%,5,97.48451004402368,2.4253207991478796
envelope_morl,Uniform,300,10%,6,97.41103396652824,2.529691802743067
envelope_morl,Uniform,300,10%,7,98.16414966984347,2.3837737833256005
envelope_morl,Uniform,300,10%,8,96.586487274662,2.4165654662075684
envelope_morl,Uniform,300,10%,9,96.89833825021012,2.191334794274697
envelope_morl,Uniform,300,20%,0,96.84500285697199,2.3108032522881907
envelope_morl,Uniform,300,20%,1,96.3198285488201,2.8963962200753786
envelope_morl,Uniform,300,20%,2,97.90277202661986,2.2816536507944947
envelope_morl,Uniform,300,20%,3,96.5109479523686,2.178992982881865
envelope_morl,Uniform,300,20%,4,96.20491621790427,2.496163307485536
envelope_morl,Uniform,300,20%,5,96.70507479071354,1.9846131309967168
envelope_morl,Uniform,300,20%,6,97.27427521509436,2.433797608834546
envelope_morl,Uniform,300,20%,7,96.91510492726596,2.221910618064025
envelope_morl,Uniform,300,20%,8,97.08261695577326,2.4800116633582636
envelope_morl,Uniform,300,20%,9,96.99626489912384,2.0390202440395355
envelope_morl,Uniform,300,30%,0,97.19255996417144,2.3474530389170507
envelope_morl,Uniform,300,30%,1,97.58962148775991,2.802005003664338
envelope_morl,Uniform,300,30%,2,96.82473854750225,2.699398151579001
envelope_morl,Uniform,300,30%,3,96.99913262660581,2.6665283524926036
envelope_morl,Uniform,300,30%,4,96.84992382891868,2.318425413248399
envelope_morl,Uniform,300,30%,5,97.70620458122356,2.234577727537224
envelope_morl,Uniform,300,30%,6,96.19332991890735,2.390472177818669
envelope_morl,Uniform,300,30%,7,96.80331777158581,2.579665120057316
envelope_morl,Uniform,300,30%,8,96.64551565791838,2.236264953610361
envelope_morl,Uniform,300,30%,9,96.86704327565796,2.6306297738079927
envelope_morl,Uniform,400,10%,0,96.527324626291,2.200407441481829
envelope_morl,Uniform,400,10%,1,96.53559471198098,2.614957965103204
envelope_morl,Uniform,400,10%,2,97.29208431959,2.96883791756866
envelope_morl,Uniform,400,10%,3,97.08177322356899,2.098476786260192
envelope_morl,Uniform,400,10%,4,97.08171973751502,2.604598509955391
envelope_morl,Uniform,400,10%,5,97.04647430774855,2.664902373692314
envelope_morl,Uniform,400,10%,6,97.04179595372779,2.5718255372895413
envelope_morl,Uniform,400,10%,7,96.48020744602957,2.2999365084207404
envelope_morl,Uniform,400,10%,8,97.45174952555301,2.7045381336598013
envelope_morl,Uniform,400,10%,9,96.66090162472942,2.7763327555483426
envelope_morl,Uniform,400,20%,0,96.53263089198431,2.4816908221422986
envelope_morl,Uniform,400,20%,1,97.83349398252147,2.170558584763468
envelope_morl,Uniform,400,20%,2,96.86475610789422,2.3303405282523406
envelope_morl,Uniform,400,20%,3,97.00996546178256,2.423860970340199
envelope_morl,Uniform,400,20%,4,96.97365517276633,2.7455286507045606
envelope_morl,Uniform,400,20%,5,96.84249231663875,2.2022382053355423
envelope_morl,Uniform,400,20%,6,96.50456061249535,2.4837050548439543
envelope_morl,Uniform,400,20%,7,97.80718120027444,2.3509308408343874
envelope_morl,Uniform,400,20%,8,97.43955661995062,2.5156046384846857
envelope_morl,Uniform,400,20%,9,97.40164668891074,2.1643423762068643
envelope_morl,Uniform,400,30%,0,97.25354595355215,2.16707963077441
envelope_morl,Uniform,400,30%,1,96.19667959254829,2.2575483797608014
envelope_morl,Uniform,400,30%,2,96.48521033062038,2.6686624338988327
envelope_morl,Uniform,400,30%,3,97.38739344920312,2.5879307916021195
envelope_morl,Uniform,400,30%,4,97.45848062224185,1.9850500437329768
envelope_morl,Uniform,400,30%,5,97.234562793559,2.175807351453267
envelope_morl,Uniform,400,30%,6,96.76826788472147,2.465554353107187
envelope_morl,Uniform,400,30%,7,96.81091378664973,2.6420793748310074
envelope_morl,Uniform,400,30%,8,97.70120991497666,2.675323345668296
envelope_morl,Uniform,400,30%,9,96.22691433382779,2.904267021145353
weighted_rl,Uniform,200,10%,0,93.71053897129102,4.0540395320055005
weighted_rl,Uniform,200,10%,1,93.3613752105406,5.094642834644047
weighted_rl,Uniform,200,10%,2,93.16589267274608,5.082579238235967
weighted_rl,Uniform,200,10%,3,93.4366777422874,5.070362644611996
weighted_rl,Uniform,200,10%,4,94.36522373317392,4.827303177736603
weighted_rl,Uniform,200,10%,5,92.97074195307934,5.971461436948172
weighted_rl,Uniform,200,10%,6,94.12954087590651,3.961827311112353
weighted_rl,Uniform,200,10%,7,92.60541632325557,4.914122545241625
weighted_rl,Uniform,200,10%,8,93.6326993396358,5.180208930628742
weighted_rl,Uniform,200,10%,9,93.03239646839606,6.215768641661171
weighted_rl,Uniform,200,20%,0,93.87754272523229,4.431338218483
weighted_rl,Uniform,200,20%,1,93.29055967777596,4.044994094007396
weighted_rl,Uniform,200,20%,2,92.80408578256454,5.695225486699814
weighted_rl,Uniform,200,20%,3,92.41063656825138,6.371574417746409
weighted_rl,Uniform,200,20%,4,93.73319013423288,5.0823255946946855
weighted_rl,Uniform,200,20%,5,93.83934040600374,5.986439219162455
weighted_rl,Uniform,200,20%,6,93.48130165878096,4.2236024939459735
weighted_rl,Uniform,200,20%,7,93.70503790362567,4.46146689391608
weighted_rl,Uniform,200,20%,8,94.59285496635471,3.5465859558285247
weighted_rl,Uniform,200,20%,9,93.75879032482786,5.13283508692056
weighted_rl,Uniform,200,30%,0,93.54969859625315,5.027204808549918
weighted_rl,Uniform,200,30%,1,93.1886484832832,5.782532341911013
weighted_rl,Uniform,200,30%,2,94.06601425743375,5.119701767952856
weighted_rl,Uniform,200,30%,3,93.14465435212513,5.5912220490458395
weighted_rl,Uniform,200,30%,4,93.29863434397137,5.134589955250203
weighted_rl,Uniform,200,30%,5,93.8940815186816,6.231901582936903
weighted_rl,Uniform,200,30%,6,93.79035183898658,5.5190144270045085
weighted_rl,Uniform,200,30%,7,93.28234758464336,4.506909269389614
weighted_rl,Uniform,200,30%,8,93.3288332660848,5.435891747596487
weighted_rl,Uniform,200,30%,9,93.53981465031943,5.799066584930062
weighted_rl,Uniform,300,10%,0,94.25925790470798,3.6222548229115272
weighted_rl,Uniform,300,10%,1,93.35944742081912,5.571801690723679
weighted_rl,Uniform,300,10%,2,93.24900327710533,5.375124823289496
weighted_rl,Uniform,300,10%,3,93.47117723023774,5.061955558719452
weighted_rl,Uniform,300,10%,4,93.65182634933231,3.6516168648311123
weighted_rl,Uniform,300,10%,5,93.47184749733205,3.937278026855232
weighted_rl,Uniform,300,10%,6,92.63239098636576,5.362452925617464
weighted_rl,Uniform,300,10%,7,94.38817713653131,3.8791904646246937
weighted_rl,Uniform,300,10%,8,93.58974747321845,5.233565101647944
weighted_rl,Uniform,300,10%,9,93.80597424956717,5.486774644729934
weighted_rl,Uniform,300,20%,0,94.07654182801221,5.986662066608531
weighted_rl,Uniform,300,20%,1,93.57225511286657,5.088784298299441
weighted_rl,Uniform,300,20%,2,93.2017258500573,5.443481303685593
weighted_rl,Uniform,300,20%,3,93.35304718163476,5.3242534843172065
weighted_rl,Uniform,300,20%,4,93.90009948987844,5.734578933963335
weighted_rl,Uniform,300,20%,5,92.62156265746364,4.852201403435844
weighted_rl,Uniform,300,20%,6,93.47637765469493,5.250274318160068
weighted_rl,Uniform,300,20%,7,92.43189401261219,4.609331290929983
weighted_rl,Uniform,300,20%,8,94.64017931553425,5.198894631411957
weighted_rl,Uniform,300,20%,9,93.75883297361601,4.279615223870666
weighted_rl,Uniform,300,30%,0,92.65607370216681,5.2198060470028125
weighted_rl,Uniform,300,30%,1,92.51719610878945,4.495268113184046
weighted_rl,Uniform,300,30%,2,93.51087074139294,6.264002377094288
weighted_rl,Uniform,300,30%,3,94.52123967965022,5.450549722291648
weighted_rl,Uniform,300,30%,4,92.78350307450616,4.815938356071324
weighted_rl,Uniform,300,30%,5,92.84151196108681,5.151223380322131
weighted_rl,Uniform,300,30%,6,93.49231027530259,5.6095563137668405
weighted_rl,Uniform,300,30%,7,92.75206929084501,4.6867023736884725
weighted_rl,Uniform,300,30%,8,93.59924778322804,5.042066063810337
weighted_rl,Uniform,300,30%,9,93.11489172346181,4.722524010681609
weighted_rl,Uniform,400,10%,0,93.75400474607515,5.5512244321939415
weighted_rl,Uniform,400,10%,1,93.10062108097272,4.937026653057336
weighted_rl,Uniform,400,10%,2,92.77707174763576,5.757999963782145
weighted_rl,Uniform,400,10%,3,94.09676324269965,6.686018797418088
weighted_rl,Uniform,400,10%,4,93.19340603940574,5.213733688370604
weighted_rl,Uniform,400,10%,5,93.50939545445831,5.621531766368918
weighted_rl,Uniform,400,10%,6,92.39418577773647,5.421680378527571
weighted_rl,Uniform,400,10%,7,94.27162345834996,5.564744743286879
weighted_rl,Uniform,400,10%,8,93.6491650115006,4.644752927814683
weighted_rl,Uniform,400,10%,9,94.82684040771798,5.765238438955724
weighted_rl,Uniform,400,20%,0,92.76760466978804,5.474273859800446
weighted_rl,Uniform,400,20%,1,93.52870808237587,5.747057679658626
weighted_rl,Uniform,400,20%,2,92.84050221828272,3.836957963233367
weighted_rl,Uniform,400,20%,3,92.03206978591987,6.73006983459567
weighted_rl,Uniform,400,20%,4,93.55929775082356,5.679900517687256
weighted_rl,Uniform,400,20%,5,94.4882299226719,5.2874502222139785
weighted_rl,Uniform,400,20%,6,93.89905278252468,4.0439345704577105
weighted_rl,Uniform,400,20%,7,94.79327404270798,5.3130807946818885
weighted_rl,Uniform,400,20%,8,94.53537220177921,4.095767621310611
weighted_rl,Uniform,400,20%,9,92.93117421826419,5.286284752494609
weighted_rl,Uniform,400,30%,0,93.90852136242552,5.06399765357338
weighted_rl,Uniform,400,30%,1,92.6722859580192,4.201151897816311
weighted_rl,Uniform,400,30%,2,93.59697814772363,6.112159775439232
weighted_rl,Uniform,400,30%,3,93.20369822622465,4.877836387619112
weighted_rl,Uniform,400,30%,4,93.57695257081974,5.7566460675673055
weighted_rl,Uniform,400,30%,5,92.9780350373723,5.383435301191111
weighted_rl,Uniform,400,30%,6,93.26512524340528,5.461966271709419
weighted_rl,Uniform,400,30%,7,93.14229011556952,5.350641130400617
weighted_rl,Uniform,400,30%,8,93.0863334352154,5.568215777910865
weighted_rl,Uniform,400,30%,9,94.10036336020873,5.060716060816553
lppo_daf,Uniform,200,10%,0,97.1105096131309,2.20351403966609
lppo_daf,Uniform,200,10%,1,97.01995368038384,2.341607394757418
lppo_daf,Uniform,200,10%,2,96.56364288419323,2.8052254554010756
lppo_daf,Uniform,200,10%,3,96.29171761671347,2.4816710137764417
lppo_daf,Uniform,200,10%,4,96.16897856568819,2.1367631471615507
lppo_daf,Uniform,200,10%,5,96.63626566363976,2.5684652212138896
lppo_daf,Uniform,200,10%,6,96.8604219874817,2.6356247380195703
lppo_daf,Uniform,200,10%,7,97.00302543689567,2.488120729716897
lppo_daf,Uniform,200,10%,8,96.19646463293212,2.458420554973549
lppo_daf,Uniform,200,10%,9,96.92981260667578,1.9879148982926482
lppo_daf,Uniform,200,20%,0,96.46248431960896,2.3932971739285787
lppo_daf,Uniform,200,20%,1,97.40303456546708,2.846642315230452
lppo_daf,Uniform,200,20%,2,96.400065544729,2.4419670748913975
lppo_daf,Uniform,200,20%,3,96.23673666055815,1.52772822976294
lppo_daf,Uniform,200,20%,4,96.49488274048595,2.095073295454336
lppo_daf,Uniform,200,20%,5,96.53589713251246,2.653664877241559
lppo_daf,Uniform,200,20%,6,97.50620122094597,3.113210471695974
lppo_daf,Uniform,200,20%,7,97.06338474331825,2.474835696164251
lppo_daf,Uniform,200,20%,8,95.58152058464276,3.25675197099205
lppo_daf,Uniform,200,20%,9,96.49463934047785,2.3314710653187976
lppo_daf,Uniform,200,30%,0,95.97063710638416,2.4342942994453853
lppo_daf,Uniform,200,30%,1,96.5926529313231,2.552889178658176
lppo_daf,Uniform,200,30%,2,96.78933391919068,2.8280992384704433
lppo_daf,Uniform,200,30%,3,97.6828286452526,2.6366097591876785
lppo_daf,Uniform,200,30%,4,96.40148461820671,2.3813566339371888
lppo_daf,Uniform,200,30%,5,96.6910531250111,2.2208641810904095
lppo_daf,Uniform,200,30%,6,96.99157460291934,2.840437850773019
lppo_daf,Uniform,200,30%,7,96.87433514763165,2.1648967834692576
lppo_daf,Uniform,200,30%,8,95.73847256001612,2.488903119128466
lppo_daf,Uniform,200,30%,9,96.4349882228012,2.808745039851686
lppo_daf,Uniform,300,10%,0,96.11375441527578,2.296454058100536
lppo_daf,Uniform,300,10%,1,97.0660003334719,2.6205618969775224
lppo_daf,Uniform,300,10%,2,96.61542227596578,2.3957477270312304
lppo_daf,Uniform,300,10%,3,96.14074323546147,2.781700138015003
lppo_daf,Uniform,300,10%,4,95.72048749257682,2.787592600153054
lppo_daf,Uniform,300,10%,5,96.11823002843721,2.117863377733835
lppo_daf,Uniform,300,10%,6,96.25121313182864,2.497100768477472
lppo_daf,Uniform,300,10%,7,96.80889473580405,1.9345594412056362
lppo_daf,Uniform,300,10%,8,95.98121029664762,1.7943975126176515
lppo_daf,Uniform,300,10%,9,96.82244283774708,2.4119240947102187
lppo_daf,Uniform,300,20%,0,96.09521830289694,2.4979292967898865
lppo_daf,Uniform,300,20%,1,95.76198468840745,2.0235774933460853
lppo_daf,Uniform,300,20%,2,97.10430820846683,2.2418817867643064
lppo_daf,Uniform,300,20%,3,96.338590853425,2.7577740858605964
lppo_daf,Uniform,300,20%,4,96.71087370647136,2.8402286691110876
lppo_daf,Uniform,300,20%,5,96.99084770512616,2.3362345029475637
lppo_daf,Uniform,300,20%,6,96.65781955393231,2.641604733609986
lppo_daf,Uniform,300,20%,7,96.26890837436375,2.8931613299177847
lppo_daf,Uniform,300,20%,8,96.21181344225614,2.0184230371157956
lppo_daf,Uniform,300,20%,9,96.0113263336274,2.5695523803035902
lppo_daf,Uniform,300,30%,0,96.46186590713424,1.947336295903971
lppo_daf,Uniform,300,30%,1,96.33946782823698,2.5186765877871946
lppo_daf,Uniform,300,30%,2,96.09394018693088,2.5639345047427273
lppo_daf,Uniform,300,30%,3,96.8829862783841,2.402901843282612
lppo_daf,Uniform,300,30%,4,96.624261322868,2.3641336449023322
lppo_daf,Uniform,300,30%,5,96.44424743611246,1.5964205884569793
lppo_daf,Uniform,300,30%,6,96.88532116128452,3.051708933791951
lppo_daf,Uniform,300,30%,7,96.94173461715687,2.028273450775795
lppo_daf,Uniform,300,30%,8,96.81361251279245,2.5818588385428116
lppo_daf,Uniform,300,30%,9,97.22659754613282,2.8731703993892257
lppo_daf,Uniform,400,10%,0,96.16525521486246,2.2372288164403744
lppo_daf,Uniform,400,10%,1,96.15411990656169,2.484271978233578
lppo_daf,Uniform,400,10%,2,95.96696935173834,2.8696820287037017
lppo_daf,Uniform,400,10%,3,95.93027807075195,2.3023946986705397
lppo_daf,Uniform,400,10%,4,96.99595240618963,2.887806203820177
lppo_daf,Uniform,400,10%,5,96.5245319950583,2.3607879794576303
lppo_daf,Uniform,400,10%,6,96.61725921346178,2.597598081159139
lppo_daf,Uniform,400,10%,7,97.1413947524858,2.77529902692066
lppo_daf,Uniform,400,10%,8,96.6381901932195,2.58793853703264
lppo_daf,Uniform,400,10%,9,96.20491598067372,2.272307165478757
lppo_daf,Uniform,400,20%,0,95.90549416723788,1.783604405471379
lppo_daf,Uniform,400,20%,1,96.7250599497222,2.266660439027765
lppo_daf,Uniform,400,20%,2,96.20578527275075,2.333115371725322
lppo_daf,Uniform,400,20%,3,96.44326000989771,3.1071790010599245
lppo_daf,Uniform,400,20%,4,96.1129015020487,2.3478015691417644
lppo_daf,Uniform,400,20%,5,96.58051455359657,2.496732159493549
lppo_daf,Uniform,400,20%,6,97.12001899920602,1.7905719044851414
lppo_daf,Uniform,400,20%,7,96.4477854157832,2.416617229367378
lppo_daf,Uniform,400,20%,8,96.23422792584901,2.1026276448738894
lppo_daf,Uniform,400,20%,9,96.3172220220151,2.841639589253951
lppo_daf,Uniform,400,30%,0,97.52392382753803,2.673575493287054
lppo_daf,Uniform,400,30%,1,96.68082824203402,2.558290651679215
lppo_daf,Uniform,400,30%,2,96.42855889417521,2.3924515279963403
lppo_daf,Uniform,400,30%,3,96.0668819283579,2.741156647837779
lppo_daf,Uniform,400,30%,4,96.71059051540534,2.6428931755415834
lppo_daf,Uniform,400,30%,5,96.45905871484628,3.154852052410909
lppo_daf,Uniform,400,30%,6,95.80075337559084,2.6111810750599123
lppo_daf,Uniform,400,30%,7,96.0723622724163,2.925973888360295
lppo_daf,Uniform,400,30%,8,96.5524182621262,1.9836417547051401
lppo_daf,Uniform,400,30%,9,96.80726107084178,2.140624482224404
ppo_lagrangian_daf,Uniform,200,10%,0,97.25217786544671,2.500796804924405
ppo_lagrangian_daf,Uniform,200,10%,1,97.83900598621739,2.2837788574839917
ppo_lagrangian_daf,Uniform,200,10%,2,98.20270084724946,3.577488349094255
ppo_lagrangian_daf,Uniform,200,10%,3,97.78362891798595,2.9200914632778225
ppo_lagrangian_daf,Uniform,200,10%,4,96.67873699897395,3.6349078020316634
ppo_lagrangian_daf,Uniform,200,10%,5,97.45062220814954,2.7318501651908926
ppo_lagrangian_daf,Uniform,200,10%,6,96.97777803107176,2.392017499951186
ppo_lagrangian_daf,Uniform,200,10%,7,96.03319090708995,2.2558851000067044
ppo_lagrangian_daf,Uniform,200,10%,8,98.10768874106903,2.6358207808667085
ppo_lagrangian_daf,Uniform,200,10%,9,97.60843677655524,2.6953844287835507
ppo_lagrangian_daf,Uniform,200,20%,0,96.41514692964465,2.979628648878256
ppo_lagrangian_daf,Uniform,200,20%,1,97.67273647996416,3.139680134528575
ppo_lagrangian_daf,Uniform,200,20%,2,97.09825538543781,1.392982629644218
ppo_lagrangian_daf,Uniform,200,20%,3,97.02824384425408,2.729428859194844
ppo_lagrangian_daf,Uniform,200,20%,4,98.04590247641727,2.710812585487056
ppo_lagrangian_daf,Uniform,200,20%,5,96.55069570826674,3.313324682671966
ppo_lagrangian_daf,Uniform,200,20%,6,95.99573797328587,2.204282002926284
ppo_lagrangian_daf,Uniform,200,20%,7,98.32421543818663,2.8580958006549517
ppo_lagrangian_daf,Uniform,200,20%,8,97.05254423603425,2.774499194036495
ppo_lagrangian_daf,Uniform,200,20%,9,97.1455669943341,2.2959858664884862
ppo_lagrangian_daf,Uniform,200,30%,0,97.57706953373663,1.8079404762541167
ppo_lagrangian_daf,Uniform,200,30%,1,95.8160474282301,2.905061358140591
ppo_lagrangian_daf,Uniform,200,30%,2,96.53972753540735,2.860018362844759
ppo_lagrangian_daf,Uniform,200,30%,3,96.90711966165465,3.138704694096604
ppo_lagrangian_daf,Uniform,200,30%,4,96.97460925888572,3.4444039300489013
ppo_lagrangian_daf,Uniform,200,30%,5,96.3087705263983,2.4848840233433926
ppo_lagrangian_daf,Uniform,200,30%,6,97.4225477241692,2.0136792572695885
ppo_lagrangian_daf,Uniform,200,30%,7,98.52693886027495,2.922050184581567
ppo_lagrangian_daf,Uniform,200,30%,8,98.09081245208544,3.010811647542705
ppo_lagrangian_daf,Uniform,200,30%,9,98.36968966926463,2.3223212485375107
ppo_lagrangian_daf,Uniform,300,10%,0,96.31454077086015,2.562327933879402
ppo_lagrangian_daf,Uniform,300,10%,1,96.91038479883562,3.979829102353469
ppo_lagrangian_daf,Uniform,300,10%,2,96.64640733450855,1.8175456223078683
ppo_lagrangian_daf,Uniform,300,10%,3,97.25188233262443,1.8454831619471626
ppo_lagrangian_daf,Uniform,300,10%,4,96.973180495917,1.988973285068881
ppo_lagrangian_daf,Uniform,300,10%,5,97.12307827031921,2.407910293048409
ppo_lagrangian_daf,Uniform,300,10%,6,97.9193536394337,1.8252532476366121
ppo_lagrangian_daf,Uniform,300,10%,7,99.00091397824775,3.033219028720976
ppo_lagrangian_daf,Uniform,300,10%,8,96.44912225823018,2.9291197685086754
ppo_lagrangian_daf,Uniform,300,10%,9,97.05014185839329,3.2483195972380297
ppo_lagrangian_daf,Uniform,300,20%,0,98.23337214914474,2.912880392302967
ppo_lagrangian_daf,Uniform,300,20%,1,96.96792091496256,2.1835979035252877
ppo_lagrangian_daf,Uniform,300,20%,2,95.9040381080692,2.8023183485070557
ppo_lagrangian_daf,Uniform,300,20%,3,96.96134839284544,1.489984727335535
ppo_lagrangian_daf,Uniform,300,20%,4,97.06488092580193,2.2919090727369062
ppo_lagrangian_daf,Uniform,300,20%,5,97.79064537121356,2.315938156534438
ppo_lagrangian_daf,Uniform,300,20%,6,96.49065150381574,2.533863898368679
ppo_lagrangian_daf,Uniform,300,20%,7,96.82697709169591,2.84866897449203
ppo_lagrangian_daf,Uniform,300,20%,8,96.58048288929199,1.7346882369349994
ppo_lagrangian_daf,Uniform,300,20%,9,97.71684547727985,3.1648583969342585
ppo_lagrangian_daf,Uniform,300,30%,0,96.38660176462274,2.483242247174159
ppo_lagrangian_daf,Uniform,300,30%,1,97.42791897638662,2.7416361386390062
ppo_lagrangian_daf,Uniform,300,30%,2,98.35148816613598,2.1801924905488166
ppo_lagrangian_daf,Uniform,300,30%,3,98.55070151831458,3.1452196500428933
ppo_lagrangian_daf,Uniform,300,30%,4,97.22390395445986,1.9246236177332317
ppo_lagrangian_daf,Uniform,300,30%,5,96.74575928993025,2.8882966234195164
ppo_lagrangian_daf,Uniform,300,30%,6,96.33927582625363,2.5342310871073392
ppo_lagrangian_daf,Uniform,300,30%,7,95.59334347675376,1.9088237170421838
ppo_lagrangian_daf,Uniform,300,30%,8,97.13114303918466,2.9982142083059866
ppo_lagrangian_daf,Uniform,300,30%,9,96.45436319901658,0.6326940199854318
ppo_lagrangian_daf,Uniform,400,10%,0,95.85576866240497,3.544838143809772
ppo_lagrangian_daf,Uniform,400,10%,1,97.97291840549073,3.067226753913135
ppo_lagrangian_daf,Uniform,400,10%,2,96.62258977223203,2.5597865076285506
ppo_lagrangian_daf,Uniform,400,10%,3,96.35485877784701,2.0896535245163044
ppo_lagrangian_daf,Uniform,400,10%,4,95.25206085966335,1.6956328907118852
ppo_lagrangian_daf,Uniform,400,10%,5,96.55245431171235,2.1632036162492003
ppo_lagrangian_daf,Uniform,400,10%,6,96.99836596591656,1.3703830417626606
ppo_lagrangian_daf,Uniform,400,10%,7,96.79576982032617,1.8822842361270202
ppo_lagrangian_daf,Uniform,400,10%,8,97.29805341669733,2.856932891584826
ppo_lagrangian_daf,Uniform,400,10%,9,97.22607409541257,2.16307408653706
ppo_lagrangian_daf,Uniform,400,20%,0,98.4023688611357,2.5831358870762866
ppo_lagrangian_daf,Uniform,400,20%,1,95.22099043669249,2.71157193482702
ppo_lagrangian_daf,Uniform,400,20%,2,94.39926357645548,2.379077527614691
ppo_lagrangian_daf,Uniform,400,20%,3,98.0907461324589,1.6714470157906673
ppo_lagrangian_daf,Uniform,400,20%,4,95.80922581518999,2.663252689863154
ppo_lagrangian_daf,Uniform,400,20%,5,96.72136327986406,1.688063335596354
ppo_lagrangian_daf,Uniform,400,20%,6,96.36232722192712,1.9963412046213531
ppo_lagrangian_daf,Uniform,400,20%,7,95.93083761179787,2.430860135412543
ppo_lagrangian_daf,Uniform,400,20%,8,97.26277598624421,3.9208502851189424
ppo_lagrangian_daf,Uniform,400,20%,9,96.82348913116607,2.420260209264392
ppo_lagrangian_daf,Uniform,400,30%,0,96.62707397818126,2.3750876165521233
ppo_lagrangian_daf,Uniform,400,30%,1,98.01862183990268,2.9662212785459734
ppo_lagrangian_daf,Uniform,400,30%,2,98.79277628551915,3.1340948339817367
ppo_lagrangian_daf,Uniform,400,30%,3,97.08812551237185,2.94134845309355
ppo_lagrangian_daf,Uniform,400,30%,4,97.46089941191369,2.2002825562106905
ppo_lagrangian_daf,Uniform,400,30%,5,97.29640675011139,3.3500872135718973
ppo_lagrangian_daf,Uniform,400,30%,6,96.47560704930919,3.497954773168578
ppo_lagrangian_daf,Uniform,400,30%,7,96.35342129005627,2.580276587080213
ppo_lagrangian_daf,Uniform,400,30%,8,97.17485737659761,1.9951541200097789
ppo_lagrangian_daf,Uniform,400,30%,9,97.07061762853382,3.126818483980076
rcpo_daf,Uniform,200,10%,0,97.29021542099763,3.2149707507139285
rcpo_daf,Uniform,200,10%,1,97.668043564871,2.4344748548455253
rcpo_daf,Uniform,200,10%,2,97.45536822816612,2.82800563995307
rcpo_daf,Uniform,200,10%,3,96.66661319309131,3.4853834376330126
rcpo_daf,Uniform,200,10%,4,96.52219324048784,2.380289663547292
rcpo_daf,Uniform,200,10%,5,97.65603292035152,3.4943290877240787
rcpo_daf,Uniform,200,10%,6,96.90472702762882,2.84006418545927
rcpo_daf,Uniform,200,10%,7,96.53410194719088,2.2268538909942404
rcpo_daf,Uniform,200,10%,8,97.95864346167998,2.991960932422332
rcpo_daf,Uniform,200,10%,9,96.20270209266457,2.628412605674998
rcpo_daf,Uniform,200,20%,0,97.17526157407123,2.6975003670522186
rcpo_daf,Uniform,200,20%,1,96.8528301309655,2.7491452421020166
rcpo_daf,Uniform,200,20%,2,97.04215631043235,3.2539954097147645
rcpo_daf,Uniform,200,20%,3,96.30302972407081,2.40628449334262
rcpo_daf,Uniform,200,20%,4,98.97866236050504,3.7842823499080698
rcpo_daf,Uniform,200,20%,5,96.25557221219215,2.9253199025615446
rcpo_daf,Uniform,200,20%,6,97.01300148764173,2.358318537997924
rcpo_daf,Uniform,200,20%,7,97.18794675793005,2.3057939310462627
rcpo_daf,Uniform,200,20%,8,97.02836361693231,2.756382667278513
rcpo_daf,Uniform,200,20%,9,96.09192333062664,3.1790707441287274
rcpo_daf,Uniform,200,30%,0,95.56555762390258,1.698357808931905
rcpo_daf,Uniform,200,30%,1,96.45222185495513,2.8911048910031996
rcpo_daf,Uniform,200,30%,2,97.02797082492897,2.7652210900411247
rcpo_daf,Uniform,200,30%,3,96.46311026153286,2.461791323462123
rcpo_daf,Uniform,200,30%,4,95.7829933001593,1.8950271049190097
rcpo_daf,Uniform,200,30%,5,96.89856514427663,3.2757467105075593
rcpo_daf,Uniform,200,30%,6,96.13179714869109,3.6211602233973803
rcpo_daf,Uniform,200,30%,7,97.51738179123043,2.5341709767143805
rcpo_daf,Uniform,200,30%,8,96.51125537401649,1.955268969825883
rcpo_daf,Uniform,200,30%,9,96.89637646231587,2.98544076516597
rcpo_daf,Uniform,300,10%,0,96.97878980374033,2.939395359449917
rcpo_daf,Uniform,300,10%,1,96.20718649938814,2.3141256359659774
rcpo_daf,Uniform,300,10%,2,96.4349490796585,2.9484204557368026
rcpo_daf,Uniform,300,10%,3,97.70348807501404,2.9259913314189085
rcpo_daf,Uniform,300,10%,4,96.64649685937586,2.037067445210676
rcpo_daf,Uniform,300,10%,5,96.36954055998707,2.083876783107085
rcpo_daf,Uniform,300,10%,6,98.17161944464195,2.6550399127531263
rcpo_daf,Uniform,300,10%,7,96.03955584110267,2.919554758769141
rcpo_daf,Uniform,300,10%,8,97.62878649465489,3.3113903722732676
rcpo_daf,Uniform,300,10%,9,96.65446891922781,3.138949873742758
rcpo_daf,Uniform,300,20%,0,95.9544540742836,2.358777180833876
rcpo_daf,Uniform,300,20%,1,97.42869922311814,3.6562725596967374
rcpo_daf,Uniform,300,20%,2,96.89726797497302,2.5840332438192735
rcpo_daf,Uniform,300,20%,3,97.21404367734598,2.773710518503315
rcpo_daf,Uniform,300,20%,4,96.0701557555908,3.394654336801597
rcpo_daf,Uniform,300,20%,5,97.84076638977263,2.5976866969823407
rcpo_daf,Uniform,300,20%,6,96.69540552866229,2.406566071067617
rcpo_daf,Uniform,300,20%,7,96.67693353183255,3.1030536622754075
rcpo_daf,Uniform,300,20%,8,97.36560805531029,2.590313575286237
rcpo_daf,Uniform,300,20%,9,97.44470488443818,3.1990899938536526
rcpo_daf,Uniform,300,30%,0,97.31612345926695,2.446029335452823
rcpo_daf,Uniform,300,30%,1,95.40885902346014,3.0207346378417643
rcpo_daf,Uniform,300,30%,2,97.55620633949272,3.24676288940864
rcpo_daf,Uniform,300,30%,3,96.59133647527258,2.7786965849544
rcpo_daf,Uniform,300,30%,4,96.06013795899617,2.885397228622327
rcpo_daf,Uniform,300,30%,5,97.37378652852985,3.4466502161317756
rcpo_daf,Uniform,300,30%,6,95.83280100535089,3.000923596988223
rcpo_daf,Uniform,300,30%,7,95.4620122578831,2.908297621824844
rcpo_daf,Uniform,300,30%,8,96.54132385675311,3.029540039668334
rcpo_daf,Uniform,300,30%,9,96.36789625732015,1.6879838742398952
rcpo_daf,Uniform,400,10%,0,96.5583445792788,2.562319632314781
rcpo_daf,Uniform,400,10%,1,95.94471085665855,2.3569731814440193
rcpo_daf,Uniform,400,10%,2,95.46981437447114,2.9258630018759835
rcpo_daf,Uniform,400,10%,3,96.88191217154261,2.1354358411535186
rcpo_daf,Uniform,400,10%,4,97.7553871002735,2.4431255035776975
rcpo_daf,Uniform,400,10%,5,97.40697854356084,3.3955403053222373
rcpo_daf,Uniform,400,10%,6,95.95348793803603,1.1049132412828762
rcpo_daf,Uniform,400,10%,7,96.92840622204176,3.8178882064818085
rcpo_daf,Uniform,400,10%,8,95.91847975950927,2.9898545809922448
rcpo_daf,Uniform,400,10%,9,97.24143023108553,2.679536865543466
rcpo_daf,Uniform,400,20%,0,97.04778317547523,2.2563053058934974
rcpo_daf,Uniform,400,20%,1,97.47133954841914,2.7278755647199984
rcpo_daf,Uniform,400,20%,2,96.50209247085834,4.059657338836031
rcpo_daf,Uniform,400,20%,3,97.57013265340828,2.1590540633122606
rcpo_daf,Uniform,400,20%,4,96.5899857155754,3.0458416160828063
rcpo_daf,Uniform,400,20%,5,97.3519544956778,3.5206715664198
rcpo_daf,Uniform,400,20%,6,96.52390989190903,1.857326250738505
rcpo_daf,Uniform,400,20%,7,96.43741401613919,2.1487387379497838
rcpo_daf,Uniform,400,20%,8,98.20598088340013,2.6042936664342573
rcpo_daf,Uniform,400,20%,9,97.14587267223575,2.611108037741983
rcpo_daf,Uniform,400,30%,0,96.44326564976978,2.338929554447654
rcpo_daf,Uniform,400,30%,1,96.97403281765895,1.9961893791486445
rcpo_daf,Uniform,400,30%,2,95.69725965481291,3.1376815187515854
rcpo_daf,Uniform,400,30%,3,97.14683259085879,3.6739158512074135
rcpo_daf,Uniform,400,30%,4,95.82946194612104,2.617112968932007
rcpo_daf,Uniform,400,30%,5,97.4226895684873,3.153810555091394
rcpo_daf,Uniform,400,30%,6,96.5008613889552,3.3026415924249486
rcpo_daf,Uniform,400,30%,7,97.24398093923898,2.900150909704977
rcpo_daf,Uniform,400,30%,8,97.38560032411459,2.7321715951389494
rcpo_daf,Uniform,400,30%,9,97.88883371014113,2.544627621750177
envelope_morl_daf,Uniform,200,10%,0,97.09456863138438,0.8883936126421064
envelope_morl_daf,Uniform,200,10%,1,98.27883585702216,1.2494831074161474
envelope_morl_daf,Uniform,200,10%,2,97.71031740159476,1.0842460254554998
envelope_morl_daf,Uniform,200,10%,3,97.01909734282266,1.0990346513402782
envelope_morl_daf,Uniform,200,10%,4,97.13124286228305,1.2744095195815113
envelope_morl_daf,Uniform,200,10%,5,97.25822298369997,1.4017451211418792
envelope_morl_daf,Uniform,200,10%,6,98.40701983339996,1.3601376810194374
envelope_morl_daf,Uniform,200,10%,7,97.66504283606083,1.0399167038543786
envelope_morl_daf,Uniform,200,10%,8,98.32067451514816,1.5489671562201963
envelope_morl_daf,Uniform,200,10%,9,97.44194799524679,1.1785987819400106
envelope_morl_daf,Uniform,200,20%,0,97.97459446524667,1.175820036473761
envelope_morl_daf,Uniform,200,20%,1,97.36244800837446,1.3179743055540143
envelope_morl_daf,Uniform,200,20%,2,97.87156879557745,1.2588258241915962
envelope_morl_daf,Uniform,200,20%,3,98.63292380898497,1.3340628809582875
envelope_morl_daf,Uniform,200,20%,4,98.66817565586963,1.5357414768438797
envelope_morl_daf,Uniform,200,20%,5,97.83291229521569,1.5115694613847046
envelope_morl_daf,Uniform,200,20%,6,97.10093776064744,1.0596461863629125
envelope_morl_daf,Uniform,200,20%,7,96.8884525680881,1.0407345428348254
envelope_morl_daf,Uniform,200,20%,8,98.0298758303137,1.3143717120781104
envelope_morl_daf,Uniform,200,20%,9,97.94946361261569,0.7151087635498079
envelope_morl_daf,Uniform,200,30%,0,98.42927474221983,1.1150736943815485
envelope_morl_daf,Uniform,200,30%,1,97.87751656689095,1.2317181333111051
envelope_morl_daf,Uniform,200,30%,2,97.25613296304262,1.0262555641603965
envelope_morl_daf,Uniform,200,30%,3,97.2519920430755,1.0830075253413673
envelope_morl_daf,Uniform,200,30%,4,98.36553492947205,1.3027883010755994
envelope_morl_daf,Uniform,200,30%,5,97.70717101339201,0.9739049586048223
envelope_morl_daf,Uniform,200,30%,6,97.77579908189229,1.1371029138602078
envelope_morl_daf,Uniform,200,30%,7,98.28929826102154,1.1576871416592143
envelope_morl_daf,Uniform,200,30%,8,97.53777680490782,1.0697328225470066
envelope_morl_daf,Uniform,200,30%,9,97.99690948818751,0.9838367344871546
envelope_morl_daf,Uniform,300,10%,0,96.97438735605412,1.2528816267765293
envelope_morl_daf,Uniform,300,10%,1,98.11930953891975,1.414305887816304
envelope_morl_daf,Uniform,300,10%,2,97.93313751851963,0.9427554434112131
envelope_morl_daf,Uniform,300,10%,3,98.0401580427357,1.2073297915076946
envelope_morl_daf,Uniform,300,10%,4,98.40566650033944,1.2085902261725612
envelope_morl_daf,Uniform,300,10%,5,97.39855055663364,1.7393153832274426
envelope_morl_daf,Uniform,300,10%,6,97.21138462056355,1.4809512948576333
envelope_morl_daf,Uniform,300,10%,7,97.81089881175194,1.392819081508943
envelope_morl_daf,Uniform,300,10%,8,97.84442177737678,1.1263433999916386
envelope_morl_daf,Uniform,300,10%,9,98.47112746849653,1.2515596567111273
envelope_morl_daf,Uniform,300,20%,0,96.69476403694037,0.7656423061800486
envelope_morl_daf,Uniform,300,20%,1,96.6642135034346,0.9195388553023588
envelope_morl_daf,Uniform,300,20%,2,97.20098310225268,1.491631456574181
envelope_morl_daf,Uniform,300,20%,3,96.87446832346662,1.5538851494560642
envelope_morl_daf,Uniform,300,20%,4,98.20062772225772,1.4466962234921876
envelope_morl_daf,Uniform,300,20%,5,98.02600664773385,1.1550434179562366
envelope_morl_daf,Uniform,300,20%,6,96.55339948680148,0.9739148101793172
envelope_morl_daf,Uniform,300,20%,7,97.957414122218,1.1609199508973387
envelope_morl_daf,Uniform,300,20%,8,97.48520993560093,1.4545770955277617
envelope_morl_daf,Uniform,300,20%,9,97.73321601769563,1.4511389416452876
envelope_morl_daf,Uniform,300,30%,0,97.16994401519919,1.1003484703488422
envelope_morl_daf,Uniform,300,30%,1,97.49084527085577,1.3568721334157177
envelope_morl_daf,Uniform,300,30%,2,98.12513754560868,1.2621636042154651
envelope_morl_daf,Uniform,300,30%,3,98.06626741714055,1.1195230397543572
envelope_morl_daf,Uniform,300,30%,4,98.39418593864359,1.2679227190365208
envelope_morl_daf,Uniform,300,30%,5,97.41815326307432,1.092967932277639
envelope_morl_daf,Uniform,300,30%,6,96.99241883460952,0.8645562448322514
envelope_morl_daf,Uniform,300,30%,7,97.88327022944311,1.3829756885344278
envelope_morl_daf,Uniform,300,30%,8,97.45480118075194,0.7999471025297302
envelope_morl_daf,Uniform,300,30%,9,97.89137665054758,0.3977815547120216
envelope_morl_daf,Uniform,400,10%,0,97.15949390383066,1.2231457954727127
envelope_morl_daf,Uniform,400,10%,1,96.99652153074153,1.0593725501589915
envelope_morl_daf,Uniform,400,10%,2,97.81575761099192,0.5933083766523582
envelope_morl_daf,Uniform,400,10%,3,96.03397129882818,1.17510907310164
envelope_morl_daf,Uniform,400,10%,4,97.56334971126843,0.9015758409744614
envelope_morl_daf,Uniform,400,10%,5,97.64263400039701,0.9960749105498382
envelope_morl_daf,Uniform,400,10%,6,97.1295412310562,1.1762340108345872
envelope_morl_daf,Uniform,400,10%,7,97.76623510284288,0.9211545856581591
envelope_morl_daf,Uniform,400,10%,8,97.35394089404997,0.9376917589017453
envelope_morl_daf,Uniform,400,10%,9,97.89031811351185,1.375674223878453
envelope_morl_daf,Uniform,400,20%,0,97.54263233863331,1.5990727142899552
envelope_morl_daf,Uniform,400,20%,1,96.91747887057751,1.3031332336608832
envelope_morl_daf,Uniform,400,20%,2,97.71571652532147,1.5874629984377386
envelope_morl_daf,Uniform,400,20%,3,97.28145872383533,0.9617355045349043
envelope_morl_daf,Uniform,400,20%,4,98.32736263583521,0.9628397822321936
envelope_morl_daf,Uniform,400,20%,5,98.14568641399741,0.7617794575674802
envelope_morl_daf,Uniform,400,20%,6,97.80345619470188,0.8195808098557373
envelope_morl_daf,Uniform,400,20%,7,97.41238579494335,1.313031114411593
envelope_morl_daf,Uniform,400,20%,8,97.04888864965649,1.155456281766418
envelope_morl_daf,Uniform,400,20%,9,98.11554873707477,1.0267372882629042
envelope_morl_daf,Uniform,400,30%,0,98.21556340783022,1.080243501018457
envelope_morl_daf,Uniform,400,30%,1,97.88865291769245,0.9881285609215837
envelope_morl_daf,Uniform,400,30%,2,97.01030030900303,1.1023775856723044
envelope_morl_daf,Uniform,400,30%,3,96.82992939443623,1.2555757938507157
envelope_morl_daf,Uniform,400,30%,4,97.6218001249301,0.8474534638520208
envelope_morl_daf,Uniform,400,30%,5,98.51770444449049,1.4353791377877827
envelope_morl_daf,Uniform,400,30%,6,98.34934874066154,0.9750191501573087
envelope_morl_daf,Uniform,400,30%,7,98.02849080594,1.1544987484679925
envelope_morl_daf,Uniform,400,30%,8,97.25293091668064,1.3879292444975788
envelope_morl_daf,Uniform,400,30%,9,97.69930177551036,1.2646440700768802
weighted_rl_daf,Uniform,200,10%,0,95.73610147185603,3.3718125903547547
weighted_rl_daf,Uniform,200,10%,1,96.03391146726011,3.6226357692745803
weighted_rl_daf,Uniform,200,10%,2,96.15596507750922,3.051288429292167
weighted_rl_daf,Uniform,200,10%,3,96.49151886770326,2.4125867138514083
weighted_rl_daf,Uniform,200,10%,4,96.48303789823821,2.5193516806179455
weighted_rl_daf,Uniform,200,10%,5,96.51532719305092,2.662668758058574
weighted_rl_daf,Uniform,200,10%,6,96.23278843038533,4.280316692896965
weighted_rl_daf,Uniform,200,10%,7,95.84398098612621,2.1437845777447597
weighted_rl_daf,Uniform,200,10%,8,95.28191648521056,3.225423082470162
weighted_rl_daf,Uniform,200,10%,9,96.08658590127013,3.015602431445242
weighted_rl_daf,Uniform,200,20%,0,96.02045293203493,2.581453629850508
weighted_rl_daf,Uniform,200,20%,1,95.69812940067787,3.1051636952887383
weighted_rl_daf,Uniform,200,20%,2,95.68766819523636,2.117537018134124
weighted_rl_daf,Uniform,200,20%,3,95.68703656680314,3.152376576291761
weighted_rl_daf,Uniform,200,20%,4,96.29546108208933,3.1952058121534765
weighted_rl_daf,Uniform,200,20%,5,95.53993393187008,2.159701529514637
weighted_rl_daf,Uniform,200,20%,6,95.31071111053625,2.8320773976309614
weighted_rl_daf,Uniform,200,20%,7,96.31870366571451,2.615800017845122
weighted_rl_daf,Uniform,200,20%,8,95.51854374362918,2.926224200528512
weighted_rl_daf,Uniform,200,20%,9,96.46976838657528,3.204264935605075
weighted_rl_daf,Uniform,200,30%,0,96.39028412673527,2.6290943884160862
weighted_rl_daf,Uniform,200,30%,1,95.10096373266956,2.263740624355959
weighted_rl_daf,Uniform,200,30%,2,96.02167731910066,2.9263591036694323
weighted_rl_daf,Uniform,200,30%,3,95.65860899764041,3.271455909538347
weighted_rl_daf,Uniform,200,30%,4,95.35817027446953,3.4762526147212682
weighted_rl_daf,Uniform,200,30%,5,95.3110727470596,4.21551133135469
weighted_rl_daf,Uniform,200,30%,6,96.03812013322197,3.8977550761500934
weighted_rl_daf,Uniform,200,30%,7,96.31735884502143,3.0412493397357534
weighted_rl_daf,Uniform,200,30%,8,95.50761611407346,1.5509402923019227
weighted_rl_daf,Uniform,200,30%,9,95.9660114805021,2.7729137630784444
weighted_rl_daf,Uniform,300,10%,0,95.83276810922384,2.425744974826307
weighted_rl_daf,Uniform,300,10%,1,96.16946219591955,3.305192480758925
weighted_rl_daf,Uniform,300,10%,2,96.22581502422808,2.9932955619398727
weighted_rl_daf,Uniform,300,10%,3,96.09450770646455,3.6891943165931615
weighted_rl_daf,Uniform,300,10%,4,95.97747435276943,2.9937350287042115
weighted_rl_daf,Uniform,300,10%,5,96.0333482177345,1.8456470433142511
weighted_rl_daf,Uniform,300,10%,6,96.40407950368235,3.324651413866426
weighted_rl_daf,Uniform,300,10%,7,95.90256230520248,2.6232502248146354
weighted_rl_daf,Uniform,300,10%,8,95.74451353803494,1.567550162517011
weighted_rl_daf,Uniform,300,10%,9,96.59531019586088,3.3332403954005145
weighted_rl_daf,Uniform,300,20%,0,95.57553461521046,4.32892717433979
weighted_rl_daf,Uniform,300,20%,1,96.35335765310845,3.2323736002647094
weighted_rl_daf,Uniform,300,20%,2,95.78222305644981,3.63884335295477
weighted_rl_daf,Uniform,300,20%,3,96.1414034849032,4.0173709502397275
weighted_rl_daf,Uniform,300,20%,4,95.62832056733579,2.3002735153191605
weighted_rl_daf,Uniform,300,20%,5,96.05298683344263,3.052788667947331
weighted_rl_daf,Uniform,300,20%,6,96.5287272725074,3.7484496877810596
weighted_rl_daf,Uniform,300,20%,7,96.31817209359761,3.1523414205475864
weighted_rl_daf,Uniform,300,20%,8,95.48903051128148,2.392514738217932
weighted_rl_daf,Uniform,300,20%,9,95.9665855928472,3.5561451689633596
weighted_rl_daf,Uniform,300,30%,0,96.09277840170472,2.2212726369686586
weighted_rl_daf,Uniform,300,30%,1,95.79939713137863,2.683391075643438
weighted_rl_daf,Uniform,300,30%,2,96.16252031033763,3.404194298523312
weighted_rl_daf,Uniform,300,30%,3,96.0653525092683,3.2354631202228332
weighted_rl_daf,Uniform,300,30%,4,96.07810968932945,3.4421514007302543
weighted_rl_daf,Uniform,300,30%,5,95.99864333429178,3.10330661143862
weighted_rl_daf,Uniform,300,30%,6,96.62414316546383,2.984382283970013
weighted_rl_daf,Uniform,300,30%,7,95.66630067413715,2.2792199350006714
weighted_rl_daf,Uniform,300,30%,8,95.70312822216088,2.508288451558319
weighted_rl_daf,Uniform,300,30%,9,95.42138264435091,3.2479327863072545
weighted_rl_daf,Uniform,400,10%,0,96.17591234241445,2.2646178792919747
weighted_rl_daf,Uniform,400,10%,1,95.88460168751782,3.0040625492140576
weighted_rl_daf,Uniform,400,10%,2,96.13292438058052,2.324694475094134
weighted_rl_daf,Uniform,400,10%,3,95.88753132028215,2.6376155731451565
weighted_rl_daf,Uniform,400,10%,4,95.27720197951344,3.600074651086274
weighted_rl_daf,Uniform,400,10%,5,95.83709589734929,3.4261513657780958
weighted_rl_daf,Uniform,400,10%,6,95.92427539768657,2.6924122699527526
weighted_rl_daf,Uniform,400,10%,7,95.9005132665781,3.3287441956597914
weighted_rl_daf,Uniform,400,10%,8,95.6957213292651,3.5974344808859366
weighted_rl_daf,Uniform,400,10%,9,95.58196369378445,2.719683765739337
weighted_rl_daf,Uniform,400,20%,0,94.7326223826649,3.6142864853426993
weighted_rl_daf,Uniform,400,20%,1,95.8756045541109,2.662372497030731
weighted_rl_daf,Uniform,400,20%,2,95.61983513251472,3.062316437677657
weighted_rl_daf,Uniform,400,20%,3,95.51679776955608,2.9027420465784943
weighted_rl_daf,Uniform,400,20%,4,95.91388376823384,4.135045753693315
weighted_rl_daf,Uniform,400,20%,5,96.33293567354539,3.3747363627438345
weighted_rl_daf,Uniform,400,20%,6,95.4602414341116,2.127455383355243
weighted_rl_daf,Uniform,400,20%,7,95.57469232784658,3.352424276372831
weighted_rl_daf,Uniform,400,20%,8,95.91859705506788,2.928283725404235
weighted_rl_daf,Uniform,400,20%,9,96.05336753696375,3.1526933745085817
weighted_rl_daf,Uniform,400,30%,0,95.40635626822004,2.7899612156724296
weighted_rl_daf,Uniform,400,30%,1,96.77557150268814,2.949806527625706
weighted_rl_daf,Uniform,400,30%,2,96.98073211123575,2.86006320147355
weighted_rl_daf,Uniform,400,30%,3,95.90883466065183,2.0530301037857246
weighted_rl_daf,Uniform,400,30%,4,95.59988488914232,2.8222639950231
weighted_rl_daf,Uniform,400,30%,5,95.30794951819351,4.489727873638896
weighted_rl_daf,Uniform,400,30%,6,96.28875293184132,1.9136704810460907
weighted_rl_daf,Uniform,400,30%,7,95.43985916558412,2.783265150444901
weighted_rl_daf,Uniform,400,30%,8,95.78021958257757,3.5538221173510696
weighted_rl_daf,Uniform,400,30%,9,95.8757042813895,3.7055841781646977
